{
  "version": 1,
  "author": "Tamanna Tadwal",
  "editor": "wokwi",
  "parts": [
    { "type": "wokwi-esp32-devkit-v1", "id": "esp", "top": -30, "left": -229.33, "attrs": {} },
    { "type": "board-ssd1306", "id": "oled2", "top": 48.08, "left": -56.97, "attrs": {} }
  ],
  "connections": [
    [ "esp:TX0", "$serialMonitor:RX", "", [] ],
    [ "esp:RX0", "$serialMonitor:TX", "", [] ],
    [ "oled2:VCC", "esp:3V3", "red", [ "v-66.34", "h-94.65", "v154.67" ] ],
    [ "oled2:GND", "esp:GND.2", "black", [ "v-72.34", "h-63.87", "v168.67" ] ],
    [ "oled2:SCL", "esp:D22", "green", [ "v-89.01", "h-88.1", "v70" ] ],
    [ "oled2:SDA", "esp:D21", "green", [ "v-94.34", "h-106.59", "v78" ] ]
  ],
  "dependencies": {}
}